Workbook

Sheet Incidencia delictiva estados
A1: Entidad | B1: Casos por cada 100 mil habitantes
B2: 2010 | C2: 2011 | D2: 2012 | E2: 2013 | F2: 2014 | G2: 2015 | H2: 2016 | I2: 2017 | J2: 2018 | K2: 2019 | L2: 2020 | M2: 2021 | N2: TOTAL
A3: Estados Unidos Mexicanos | B3: 30535 | C3: 29200 | D3: 35139 | E3: 41563 | F3: 41655 | G3: 35497 | H3: 37017 | I3: 39369 | J3: 37807 | K3: 33659 | L3: 30601 | M3: 30786 | N3: =SUM(B3:M3) -> 422828 | AD3: 7.2
A4: Aguascalientes | B4: 56089 | C4: 25511 | D4: 32368 | E4: 24711 | F4: 39453 | G4: 35457 | H4: 41254 | I4: 39912 | J4: 36500 | K4: 48443 | L4: 29984 | M4: 29584 | N4: =SUM(B4:M4) -> 439266 | AD4: 6.9
A5: Baja California | B5: 31791 | C5: 29446 | D5: 39297 | E5: 57066 | F5: 56632 | G5: 32758 | H5: 51286 | I5: 43921 | J5: 42725 | K5: 35655 | L5: 27377 | M5: 31690 | N5: =SUM(B5:M5) -> 479644 | AD5: 8.3
A6: Baja California Sur | B6: 25779 | C6: 28884 | D6: 31049 | E6: 23747 | F6: 34700 | G6: 25577 | H6: 29939 | I6: 25690 | J6: 28377 | K6: 18887 | L6: 22739 | M6: 21756 | N6: =SUM(B6:M6) -> 317124 | AD6: 9.8
A7: Campeche | B7: 20922 | C7: 21704 | D7: 29097 | E7: 30597 | F7: 29306 | G7: 22114 | H7: 28892 | I7: 28283 | J7: 26466 | K7: 18595 | L7: 25390 | M7: 18610 | N7: =SUM(B7:M7) -> 299976 | AD7: 9.9
A8: Coahuila de Zaragoza | B8: 29279 | C8: 26558 | D8: 17870 | E8: 25451 | F8: 18318 | G8: 24800 | H8: 25215 | I8: 25299 | J8: 24813 | K8: 21896 | L8: 26383 | M8: 24418 | N8: =SUM(B8:M8) -> 290300 | AD8: 8.4
A9: Colima | B9: 17343 | C9: 22287 | D9: 25169 | E9: 26309 | F9: 30535 | G9: 27045 | H9: 29449 | I9: 27074 | J9: 28376 | K9: 29280 | L9: 26793 | M9: 26565 | N9: =SUM(B9:M9) -> 316225 | AD9: 8.8
A10: Chiapas | B10: 15028 | C10: 13663 | D10: 12827 | E10: 19215 | F10: 19160 | G10: 16687 | H10: 20055 | I10: 20464 | J10: 19409 | K10: 13903 | L10: 15689 | M10: 16386 | N10: =SUM(B10:M10) -> 202486 | AD10: 9.3
A11: Chihuahua | B11: 41903 | C11: 30562 | D11: 35952 | E11: 31669 | F11: 24295 | G11: 31274 | H11: 34920 | I11: 28857 | J11: 28622 | K11: 23133 | L11: 25690 | M11: 26432 | N11: =SUM(B11:M11) -> 363309 | AD11: 8.9
A12: Ciudad de México | B12: 44055 | C12: 40790 | D12: 49198 | E12: 51786 | F12: 59545 | G12: 52718 | H12: 49913 | I12: 68954 | J12: 69716 | K12: 62008 | L12: 53334 | M12: 45336 | N12: =SUM(B12:M12) -> 647353 | AD12: 8
A13: Durango | B13: 23803 | C13: 21540 | D13: 27631 | E13: 22512 | F13: 30080 | G13: 25640 | H13: 23283 | I13: 22566 | J13: 22586 | K13: 21373 | L13: 22970 | M13: 17387 | N13: =SUM(B13:M13) -> 281371 | AD13: 7.2
A14: Guanajuato | B14: 23365 | C14: 26705 | D14: 34391 | E14: 34110 | F14: 40737 | G14: 33154 | H14: 33384 | I14: 29231 | J14: 38067 | K14: 50894 | L14: 29106 | M14: 29936 | N14: =SUM(B14:M14) -> 403080 | AD14: 7.3
A15: Guerrero | B15: 33467 | C15: 27040 | D15: 33762 | E15: 35366 | F15: 42690 | G15: 53875 | H15: 47392 | I15: 45006 | J15: 43051 | K15: 30864 | L15: 30769 | M15: 26481 | N15: =SUM(B15:M15) -> 449763
A16: Hidalgo | B16: 22662 | C16: 25106 | D16: 21874 | E16: 23468 | F16: 23211 | G16: 21159 | H16: 23564 | I16: 22135 | J16: 25987 | K16: 20732 | L16: 23605 | M16: 19205 | N16: =SUM(B16:M16) -> 272708
A17: Jalisco | B17: 32980 | C17: 29351 | D17: 49083 | E17: 47278 | F17: 43076 | G17: 49317 | H17: 41874 | I17: 43023 | J17: 40543 | K17: 34703 | L17: 33248 | M17: 31944 | N17: =SUM(B17:M17) -> 476420
A18: México | B18: 32958 | C18: 40416 | D18: 56752 | E18: 93003 | F18: 83566 | G18: 56835 | H18: 62751 | I18: 65381 | J18: 51520 | K18: 48916 | L18: 39539 | M18: 45501 | N18: =SUM(B18:M18) -> 677138
A19: Michoacán de Ocampo | B19: 15469 | C19: 24346 | D19: 24362 | E19: 25126 | F19: 26340 | G19: 23876 | H19: 26366 | I19: 22624 | J19: 22999 | K19: 20414 | L19: 21521 | M19: 18102 | N19: =SUM(B19:M19) -> 271545
A20: Morelos | B20: 28491 | C20: 25775 | D20: 35750 | E20: 36524 | F20: 43584 | G20: 43419 | H20: 43749 | I20: 48528 | J20: 45312 | K20: 40298 | L20: 35794 | M20: 32059 | N20: =SUM(B20:M20) -> 459283
A21: Nayarit | B21: 31741 | C21: 28751 | D21: 26006 | E21: 26609 | F21: 32936 | G21: 21288 | H21: 26260 | I21: 33105 | J21: 23670 | K21: 18214 | L21: 22099 | M21: 21214 | N21: =SUM(B21:M21) -> 311893
A22: Nuevo León | B22: 38136 | C22: 28516 | D22: 37076 | E22: 32552 | F22: 28720 | G22: 26221 | H22: 32819 | I22: 32407 | J22: 27805 | K22: 28319 | L22: 29064 | M22: 34099 | N22: =SUM(B22:M22) -> 375734
A23: Oaxaca | B23: 25193 | C23: 20991 | D23: 18009 | E23: 20749 | F23: 29073 | G23: 24961 | H23: 27897 | I23: 22152 | J23: 26221 | K23: 22069 | L23: 22060 | M23: 18552 | N23: =SUM(B23:M23) -> 277927
A24: Puebla | B24: 23946 | C24: 29350 | D24: 27318 | E24: 31662 | F24: 32690 | G24: 27530 | H24: 31331 | I24: 42343 | J24: 37647 | K24: 33014 | L24: 31685 | M24: 36234 | N24: =SUM(B24:M24) -> 384750
A25: Querétaro | B25: 19516 | C25: 22860 | D25: 27197 | E25: 27975 | F25: 31572 | G25: 30991 | H25: 26860 | I25: 35395 | J25: 32756 | K25: 36034 | L25: 31664 | M25: 31817 | N25: =SUM(B25:M25) -> 354637
A26: Quintana Roo | B26: 41093 | C26: 37725 | D26: 40279 | E26: 35245 | F26: 41381 | G26: 35639 | H26: 32862 | I26: 33269 | J26: 33243 | K26: 35535 | L26: 33342 | M26: 31538 | N26: =SUM(B26:M26) -> 431151
... A35: Zacatecas | B35: 29688 | C35: 18772 | D35: 20506 | E35: 27290 | F35: 30058 | G35: 21501 | H35: 24160 | I35: 34642 | J35: 26670 | K35: 22363 | L35: 21510 | M35: 22474 | N35: =SUM(B35:M35) -> 299634

Sheet incidencia vs desempleo
A1: AÑO | B1: INCIDENCIA DELICTIVA | C1: TASA DE DESEMPLEO
A2: 2010 | B2: 30535 | C2: 5.1 | E2: 2010 | F2: 2011 | G2: 2012 | H2: 2013 | I2: 2014 | J2: 2015 | K2: 2016 | L2: 2017 | M2: 2018 | N2: 2019 | O2: 2020 | P2: 2021
E3: 30535 | F3: 29200 | G3: 35139 | H3: 41563 | I3: 41655 | J3: 35497 | K3: 37017 | L3: 39369 | M3: 37807 | N3: 33659 | O3: 30601 | P3: 30786
A4: 2011 | B4: 29200 | C4: 5.3 | E4: 5.1 | F4: 5.3 | G4: 4.9 | H4: 4.9 | I4: 4.6 | J4: 4.2 | K4: 3.9 | L4: 3.4 | M4: 3.6 | N4: 3.1 | O4: 4.5 | P4: 3.8
A5: 2012 | B5: 35139 | C5: 4.9
A6: 2013 | B6: 41563 | C6: 4.9
A7: 2014 | B7: 41655 | C7: 4.6
A8: 2015 | B8: 35497 | C8: 4.2
A9: 2016 | B9: 37017 | C9: 3.9
A10: 2017 | B10: 39369 | C10: 3.4
A11: 2018 | B11: 37807 | C11: 3.6
A12: 2019 | B12: 33659 | C12: 3.1
A13: 2020 | B13: 30601 | C13: 4.5
A14: 2021 | B14: 30786 | C14: 3.8

Sheet desempleo
D1: 2010 | E1: 2011 | F1: 2012 | G1: 2013 | H1: 2014 | I1: 2015 | J1: 2016 | K1: 2017 | L1: 2018 | M1: 2019 | N1: 2020 | O1: 2021
D2: 5.1 | E2: 5.3 | F2: 4.9 | G2: 4.9 | H2: 4.6 | I2: 4.2 | J2: 3.9 | K2: 3.4 | L2: 3.6 | M2: 3.1 | N2: 4.5 | O2: 3.8
B3: INCIDENCIA DELICTIVA | C3: DESEMPLEO
A4: 2010 | B4: 30535 | C4: 5.1
A5: 2011 | B5: 29200 | C5: 5.3
A6: 2012 | B6: 35139 | C6: 4.9
A7: 2013 | B7: 41563 | C7: 4.9
A8: 2014 | B8: 41655 | C8: 4.6
A9: 2015 | B9: 35497 | C9: 4.2
A10: 2016 | B10: 37017 | C10: 3.9
A11: 2017 | B11: 39369 | C11: 3.4
A12: 2018 | B12: 37807 | C12: 3.6
A13: 2019 | B13: 33659 | C13: 3.1
A14: 2020 | B14: 30601 | C14: 4.5
A15: 2021 | B15: 30786 | C15: 3.8
A23: Entidad | B23: TASA DE INCIDENCIA DELICTIVA
B24: 2010 | C24: 2011 | D24: 2012 | E24: 2013 | F24: 2014 | G24: 2015 | H24: 2016 | I24: 2017 | J24: 2018 | K24: 2019 | L24: 2020 | M24: 2021
A25: Estados Unidos Mexicanos | B25: =('Incidencia delictiva estados'!B3/'Incidencia delictiva estados'!$N3)*100 -> 7.2216126 | C25: =('Incidencia delictiva estados'!C3/'Incidencia delictiva estados'!$N3)*100 -> 6.9058814 | D25: =('Incidencia delictiva estados'!D3/'Incidencia delictiva estados'!$N3)*100 -> 8.3104714 | E25: =('Incidencia delictiva estados'!E3/'Incidencia delictiva estados'!$N3)*100 -> 9.8297653 | F25: =('Incidencia delictiva estados'!F3/'Incidencia delictiva estados'!$N3)*100 -> 9.8515236 | G25: =('Incidencia delictiva estados'!G3/'Incidencia delictiva estados'!$N3)*100 -> 8.3951394 | H25: =('Incidencia delictiva estados'!H3/'Incidencia delictiva estados'!$N3)*100 -> 8.7546236 | I25: =('Incidencia delictiva estados'!I3/'Incidencia delictiva estados'!$N3)*100 -> 9.3108782 | ... M25: =('Incidencia delictiva estados'!M3/'Incidencia delictiva estados'!$N3)*100 -> 7.2809748
A26: Aguascalientes | B26: =('Incidencia delictiva estados'!B4/'Incidencia delictiva estados'!$N4)*100 -> 12.768801 | C26: =('Incidencia delictiva estados'!C4/'Incidencia delictiva estados'!$N4)*100 -> 5.8076427 | D26: =('Incidencia delictiva estados'!D4/'Incidencia delictiva estados'!$N4)*100 -> 7.3686559 | E26: =('Incidencia delictiva estados'!E4/'Incidencia delictiva estados'!$N4)*100 -> 5.6255208 | F26: =('Incidencia delictiva estados'!F4/'Incidencia delictiva estados'!$N4)*100 -> 8.9815738 | G26: =('Incidencia delictiva estados'!G4/'Incidencia delictiva estados'!$N4)*100 -> 8.0718744 | H26: =('Incidencia delictiva estados'!H4/'Incidencia delictiva estados'!$N4)*100 -> 9.3915759 | I26: =('Incidencia delictiva estados'!I4/'Incidencia delictiva estados'!$N4)*100 -> 9.0860663 | ... M26: =('Incidencia delictiva estados'!M4/'Incidencia delictiva estados'!$N4)*100 -> 6.7348714
A27: Baja California | B27: =('Incidencia delictiva estados'!B5/'Incidencia delictiva estados'!$N5)*100 -> 6.6280408 | C27: =('Incidencia delictiva estados'!C5/'Incidencia delictiva estados'!$N5)*100 -> 6.1391365 | D27: =('Incidencia delictiva estados'!D5/'Incidencia delictiva estados'!$N5)*100 -> 8.1929514 | E27: =('Incidencia delictiva estados'!E5/'Incidencia delictiva estados'!$N5)*100 -> 11.897574 | F27: =('Incidencia delictiva estados'!F5/'Incidencia delictiva estados'!$N5)*100 -> 11.80709 | G27: =('Incidencia delictiva estados'!G5/'Incidencia delictiva estados'!$N5)*100 -> 6.8296487 | H27: =('Incidencia delictiva estados'!H5/'Incidencia delictiva estados'!$N5)*100 -> 10.692514 | I27: =('Incidencia delictiva estados'!I5/'Incidencia delictiva estados'!$N5)*100 -> 9.1569998 | ... M27: =('Incidencia delictiva estados'!M5/'Incidencia delictiva estados'!$N5)*100 -> 6.6069835
A28: Baja California Sur | B28: =('Incidencia delictiva estados'!B6/'Incidencia delictiva estados'!$N6)*100 -> 8.1289969 | C28: =('Incidencia delictiva estados'!C6/'Incidencia delictiva estados'!$N6)*100 -> 9.1081091 | D28: =('Incidencia delictiva estados'!D6/'Incidencia delictiva estados'!$N6)*100 -> 9.7908074 | E28: =('Incidencia delictiva estados'!E6/'Incidencia delictiva estados'!$N6)*100 -> 7.488238 | F28: =('Incidencia delictiva estados'!F6/'Incidencia delictiva estados'!$N6)*100 -> 10.942092 | G28: =('Incidencia delictiva estados'!G6/'Incidencia delictiva estados'!$N6)*100 -> 8.0652994 | H28: =('Incidencia delictiva estados'!H6/'Incidencia delictiva estados'!$N6)*100 -> 9.4407866 | I28: =('Incidencia delictiva estados'!I6/'Incidencia delictiva estados'!$N6)*100 -> 8.1009321 | ... M28: =('Incidencia delictiva estados'!M6/'Incidencia delictiva estados'!$N6)*100 -> 6.8604079
A29: Campeche | B29: =('Incidencia delictiva estados'!B7/'Incidencia delictiva estados'!$N7)*100 -> 6.974558 | C29: =('Incidencia delictiva estados'!C7/'Incidencia delictiva estados'!$N7)*100 -> 7.2352455 | D29: =('Incidencia delictiva estados'!D7/'Incidencia delictiva estados'!$N7)*100 -> 9.699776 | E29: =('Incidencia delictiva estados'!E7/'Incidencia delictiva estados'!$N7)*100 -> 10.199816 | F29: =('Incidencia delictiva estados'!F7/'Incidencia delictiva estados'!$N7)*100 -> 9.7694482 | G29: =('Incidencia delictiva estados'!G7/'Incidencia delictiva estados'!$N7)*100 -> 7.3719231 | H29: =('Incidencia delictiva estados'!H7/'Incidencia delictiva estados'!$N7)*100 -> 9.6314372 | I29: =('Incidencia delictiva estados'!I7/'Incidencia delictiva estados'!$N7)*100 -> 9.4284209 | ... M29: =('Incidencia delictiva estados'!M7/'Incidencia delictiva estados'!$N7)*100 -> 6.2038296
A30: Coahuila de Zaragoza | B30: =('Incidencia delictiva estados'!B8/'Incidencia delictiva estados'!$N8)*100 -> 10.085773 | C30: =('Incidencia delictiva estados'!C8/'Incidencia delictiva estados'!$N8)*100 -> 9.1484671 | D30: =('Incidencia delictiva estados'!D8/'Incidencia delictiva estados'!$N8)*100 -> 6.155701 | E30: =('Incidencia delictiva estados'!E8/'Incidencia delictiva estados'!$N8)*100 -> 8.7671374 | F30: =('Incidencia delictiva estados'!F8/'Incidencia delictiva estados'!$N8)*100 -> 6.3100241 | G30: =('Incidencia delictiva estados'!G8/'Incidencia delictiva estados'!$N8)*100 -> 8.5428867 | H30: =('Incidencia delictiva estados'!H8/'Incidencia delictiva estados'!$N8)*100 -> 8.6858422 | I30: =('Incidencia delictiva estados'!I8/'Incidencia delictiva estados'!$N8)*100 -> 8.7147778 | ... M30: =('Incidencia delictiva estados'!M8/'Incidencia delictiva estados'!$N8)*100 -> 8.4112987
A31: Colima | B31: =('Incidencia delictiva estados'!B9/'Incidencia delictiva estados'!$N9)*100 -> 5.4843861 | C31: =('Incidencia delictiva estados'!C9/'Incidencia delictiva estados'!$N9)*100 -> 7.0478299 | D31: =('Incidencia delictiva estados'!D9/'Incidencia delictiva estados'!$N9)*100 -> 7.9592063 | E31: =('Incidencia delictiva estados'!E9/'Incidencia delictiva estados'!$N9)*100 -> 8.3197091 | F31: =('Incidencia delictiva estados'!F9/'Incidencia delictiva estados'!$N9)*100 -> 9.6560993 | G31: =('Incidencia delictiva estados'!G9/'Incidencia delictiva estados'!$N9)*100 -> 8.5524547 | H31: =('Incidencia delictiva estados'!H9/'Incidencia delictiva estados'!$N9)*100 -> 9.3126729 | I31: =('Incidencia delictiva estados'!I9/'Incidencia delictiva estados'!$N9)*100 -> 8.5616254 | ... M31: =('Incidencia delictiva estados'!M9/'Incidencia delictiva estados'!$N9)*100 -> 8.4006641
A32: Chiapas | B32: =('Incidencia delictiva estados'!B10/'Incidencia delictiva estados'!$N10)*100 -> 7.4217477 | C32: =('Incidencia delictiva estados'!C10/'Incidencia delictiva estados'!$N10)*100 -> 6.747627 | D32: =('Incidencia delictiva estados'!D10/'Incidencia delictiva estados'!$N10)*100 -> 6.3347589 | E32: =('Incidencia delictiva estados'!E10/'Incidencia delictiva estados'!$N10)*100 -> 9.489545 | F32: =('Incidencia delictiva estados'!F10/'Incidencia delictiva estados'!$N10)*100 -> 9.4623826 | G32: =('Incidencia delictiva estados'!G10/'Incidencia delictiva estados'!$N10)*100 -> 8.2410636 | H32: =('Incidencia delictiva estados'!H10/'Incidencia delictiva estados'!$N10)*100 -> 9.9043885 | I32: =('Incidencia delictiva estados'!I10/'Incidencia delictiva estados'!$N10)*100 -> 10.106378 | ... M32: =('Incidencia delictiva estados'!M10/'Incidencia delictiva estados'!$N10)*100 -> 8.0924113
A33: Chihuahua | B33: =('Incidencia delictiva estados'!B11/'Incidencia delictiva estados'!$N11)*100 -> 11.533708 | C33: =('Incidencia delictiva estados'!C11/'Incidencia delictiva estados'!$N11)*100 -> 8.412123 | D33: =('Incidencia delictiva estados'!D11/'Incidencia delictiva estados'!$N11)*100 -> 9.8957086 | E33: =('Incidencia delictiva estados'!E11/'Incidencia delictiva estados'!$N11)*100 -> 8.7168223 | F33: =('Incidencia delictiva estados'!F11/'Incidencia delictiva estados'!$N11)*100 -> 6.6871451 | G33: =('Incidencia delictiva estados'!G11/'Incidencia delictiva estados'!$N11)*100 -> 8.6080994 | H33: =('Incidencia delictiva estados'!H11/'Incidencia delictiva estados'!$N11)*100 -> 9.6116529 | I33: =('Incidencia delictiva estados'!I11/'Incidencia delictiva estados'!$N11)*100 -> 7.9428255 | ... M33: =('Incidencia delictiva estados'!M11/'Incidencia delictiva estados'!$N11)*100 -> 7.2753496
A34: Ciudad de México | B34: =('Incidencia delictiva estados'!B12/'Incidencia delictiva estados'!$N12)*100 -> 6.805406 | C34: =('Incidencia delictiva estados'!C12/'Incidencia delictiva estados'!$N12)*100 -> 6.3010444 | D34: =('Incidencia delictiva estados'!D12/'Incidencia delictiva estados'!$N12)*100 -> 7.5998721 | E34: =('Incidencia delictiva estados'!E12/'Incidencia delictiva estados'!$N12)*100 -> 7.999654 | F34: =('Incidencia delictiva estados'!F12/'Incidencia delictiva estados'!$N12)*100 -> 9.1982272 | G34: =('Incidencia delictiva estados'!G12/'Incidencia delictiva estados'!$N12)*100 -> 8.1436249 | H34: =('Incidencia delictiva estados'!H12/'Incidencia delictiva estados'!$N12)*100 -> 7.7103219 | I34: =('Incidencia delictiva estados'!I12/'Incidencia delictiva estados'!$N12)*100 -> 10.651685 | ... M34: =('Incidencia delictiva estados'!M12/'Incidencia delictiva estados'!$N12)*100 -> 7.0032888
A35: Durango | B35: =('Incidencia delictiva estados'!B13/'Incidencia delictiva estados'!$N13)*100 -> 8.4596494 | C35: =('Incidencia delictiva estados'!C13/'Incidencia delictiva estados'!$N13)*100 -> 7.6553732 | D35: =('Incidencia delictiva estados'!D13/'Incidencia delictiva estados'!$N13)*100 -> 9.8201307 | E35: =('Incidencia delictiva estados'!E13/'Incidencia delictiva estados'!$N13)*100 -> 8.0008245 | F35: =('Incidencia delictiva estados'!F13/'Incidencia delictiva estados'!$N13)*100 -> 10.690512 | G35: =('Incidencia delictiva estados'!G13/'Incidencia delictiva estados'!$N13)*100 -> 9.112524 | H35: =('Incidencia delictiva estados'!H13/'Incidencia delictiva estados'!$N13)*100 -> 8.27484 | I35: =('Incidencia delictiva estados'!I13/'Incidencia delictiva estados'!$N13)*100 -> 8.0200163 | ... M35: =('Incidencia delictiva estados'!M13/'Incidencia delictiva estados'!$N13)*100 -> 6.1793859
A36: Guanajuato | B36: =('Incidencia delictiva estados'!B14/'Incidencia delictiva estados'!$N14)*100 -> 5.7966161 | C36: =('Incidencia delictiva estados'!C14/'Incidencia delictiva estados'!$N14)*100 -> 6.6252357 | D36: =('Incidencia delictiva estados'!D14/'Incidencia delictiva estados'!$N14)*100 -> 8.5320532 | E36: =('Incidencia delictiva estados'!E14/'Incidencia delictiva estados'!$N14)*100 -> 8.46234 | F36: =('Incidencia delictiva estados'!F14/'Incidencia delictiva estados'!$N14)*100 -> 10.10643 | G36: =('Incidencia delictiva estados'!G14/'Incidencia delictiva estados'!$N14)*100 -> 8.2251662 | H36: =('Incidencia delictiva estados'!H14/'Incidencia delictiva estados'!$N14)*100 -> 8.2822269 | I36: =('Incidencia delictiva estados'!I14/'Incidencia delictiva estados'!$N14)*100 -> 7.2519103 | ... M36: =('Incidencia delictiva estados'!M14/'Incidencia delictiva estados'!$N14)*100 -> 7.4268135
... A57: Zacatecas | B57: =('Incidencia delictiva estados'!B35/'Incidencia delictiva estados'!$N35)*100 -> 9.9080879 | C57: =('Incidencia delictiva estados'!C35/'Incidencia delictiva estados'!$N35)*100 -> 6.2649766 | D57: =('Incidencia delictiva estados'!D35/'Incidencia delictiva estados'!$N35)*100 -> 6.8436826 | E57: =('Incidencia delictiva estados'!E35/'Incidencia delictiva estados'!$N35)*100 -> 9.1077782 | F57: =('Incidencia delictiva estados'!F35/'Incidencia delictiva estados'!$N35)*100 -> 10.031572 | G57: =('Incidencia delictiva estados'!G35/'Incidencia delictiva estados'!$N35)*100 -> 7.1757544 | H57: =('Incidencia delictiva estados'!H35/'Incidencia delictiva estados'!$N35)*100 -> 8.0631704 | I57: =('Incidencia delictiva estados'!I35/'Incidencia delictiva estados'!$N35)*100 -> 11.561438 | ... M57: =('Incidencia delictiva estados'!M35/'Incidencia delictiva estados'!$N35)*100 -> 7.5004839
